minute,requests,active_functions,active_pods,avg_cpu,avg_memory
43200,534204,599,2098,0.24486545083905167,237.99309159098812
43201,672850,489,1969,0.20674291771422848,217.6854234268438
43202,467581,516,1907,0.2520878702043252,259.3209026968192
43203,669294,527,1875,0.19800342191773676,250.936833653837
43204,528557,541,1896,0.23364544865362377,328.0210227194226
43205,720714,512,1845,0.18949866989681133,294.6373560796618
43206,529414,531,1889,0.2301262310743694,251.28825307563312
43207,720854,517,1879,0.1911164617564922,228.34148371969036
43208,553928,489,1908,0.22671040519165575,299.76113786318746
43209,696742,498,1878,0.2004043065984441,306.6596903091507
43210,520744,500,1919,0.2413568645169205,313.9333648103707
43211,659128,492,1873,0.21247185125046442,236.59200640568392
43212,572948,495,1909,0.22525568540599641,246.0204996407271
43213,744110,479,1900,0.19508721226567838,232.1266978695475
43214,501009,482,1901,0.25231379077624766,252.36214968462906
43215,751755,504,2001,0.2034295940698771,253.24940882931114
43216,563723,493,2039,0.2418984604531235,257.7054190057415
43217,670764,487,1922,0.21122708153089303,263.132113696724
43218,579192,480,1962,0.2249904761667901,269.2912373350652
43219,753257,477,1874,0.19440154891624847,251.80785481157682
43220,559557,501,1934,0.2315569401705435,304.18297949286193
43221,726241,494,1907,0.20137433893018744,280.15960046035315
43222,513652,501,1898,0.2483676870196263,336.83184246254825
43223,722787,505,1889,0.2069218384060585,295.20768950717826
43224,506799,522,1951,0.2582012955590075,340.0038246911417
43225,700390,513,1961,0.21237656679989356,269.0957177649144
43226,516485,492,1926,0.2572516806644863,319.20771832802933
43227,698323,497,1934,0.21396357164236074,277.22315941960915
43228,544046,483,1905,0.2517648792326082,312.10363115577815
43229,717486,475,1884,0.21411036100772937,271.06794125276036
43230,589152,546,2140,0.25015651152166496,303.48182139531843
43231,771565,498,2114,0.2098540273003451,265.0416254111536
43232,598156,513,2119,0.23573619910023477,292.5979705883305
43233,803324,540,2123,0.19374675745156147,265.415511266062
43234,586434,531,2045,0.24655872164134934,290.05300394581315
43235,797384,535,2093,0.20044755693743502,258.82023786939504
43236,603882,547,2077,0.23839147093468016,284.8405415129507
43237,759958,508,2046,0.21143921674749327,264.8243257063687
43238,553956,490,2013,0.25954319169210893,307.2026006996471
43239,718248,519,2027,0.21955840618418132,279.607790261957
43240,617185,527,2032,0.23808829770325352,296.80979887779654
43241,737948,511,2014,0.2151953849309337,291.94856328266957
43242,542226,533,2035,0.26596720515251476,319.3747926639331
43243,770619,501,2012,0.2095479693246911,268.90850032862176
43244,623334,507,2006,0.24113041999313253,299.4463662346355
43245,795067,525,2176,0.2143182048934163,248.5185609533012
43246,605865,514,2154,0.25742562400366775,274.90501437088346
43247,745641,496,2115,0.21911215083798238,269.0464883471008
43248,591624,496,2079,0.25374570000371993,297.3885945346979
43249,720146,503,2103,0.22568703401945509,267.02851300785704
43250,552447,493,2081,0.2659888236699256,304.08762701428196
43251,746685,503,2108,0.22172614442368344,274.2661646127919
43252,559516,491,2061,0.26597774216827136,306.9993187481052
43253,770717,492,2079,0.21645988573234798,268.0600056071989
43254,618680,519,2091,0.24656331063391562,286.3833293154789
43255,591916,507,2108,0.2571300782137932,293.69080776376745
43256,582747,494,2061,0.25704578510223963,308.0567722596359
43257,656847,494,2116,0.23593304761531916,286.2390012075047
43258,599926,480,2069,0.2518203281654836,292.29412306279505
43259,582374,483,2054,0.26227972960671836,301.3232812641181
43260,602977,585,2294,0.2595093221117456,273.7818231629484
43261,607334,537,2336,0.2581592196962402,287.62210276470284
43262,546646,537,2192,0.2770673872049461,310.06076450597646
43263,557469,566,2261,0.27410271407017195,304.7437713734349
43264,546756,563,2227,0.2797226456974878,315.7468435518279
43265,574775,546,2198,0.27175263756945295,307.1511600270412
43266,601033,554,2201,0.2676760774732459,299.98786994900104
43267,578393,541,2206,0.27254410927346545,301.38900938753375
43268,644508,510,2172,0.24934909033557565,287.7808274289553
43269,688677,525,2181,0.23802271080347848,282.49497358515924
43270,588428,533,2214,0.2722972475749397,299.6969453231706
43271,645768,500,2164,0.25621045337646986,290.19675119046747
43272,587186,512,2205,0.27239408869760035,306.3302759016818
43273,690098,505,2178,0.24771862457359842,287.8401158279466
43274,615394,506,2186,0.26146831715123614,301.31865299942825
43275,714352,524,2298,0.24305820101151573,265.0021783167213
43276,647981,516,2310,0.2600962217379943,268.3809584872756
43277,661047,490,2209,0.25157610038925027,285.9326680983051
43278,693679,498,2208,0.23464119950012138,288.11415909375734
43279,702940,493,2147,0.23751340192618664,280.76467377025403
43280,579380,520,2214,0.27492695670028877,286.5734923600275
43281,691513,516,2165,0.2470156393415497,274.51426162267273
43282,669344,520,2181,0.24473233455289453,274.4132682918633
43283,737296,524,2162,0.23005764203116566,271.97465403547113
43284,675520,536,2203,0.23885072256338905,280.9069654831564
43285,712691,520,2157,0.23242862882367582,275.39395813178237
43286,665754,507,2183,0.24156056720052066,286.7828740982449
43287,762753,521,2174,0.22614948019870157,274.7763801332778
43288,680033,514,2211,0.2388422272992183,281.6524837412076
43289,756042,490,2170,0.22611786645184573,267.0455034655013
43290,741460,533,2311,0.23187974177294574,278.2317834302639
43291,830232,526,2405,0.21921532323855528,273.5242256069893
43292,610370,519,2377,0.26731686388907355,299.35877181055076
43293,681300,563,2326,0.2512964339791557,286.22944650346506
43294,604134,540,2285,0.27079659474560885,299.9116478278543
43295,747403,521,2285,0.23063280972781286,274.69260043410765
43296,700532,537,2303,0.24411395874558936,284.2921005232301
43297,689229,514,2307,0.2480070753914706,291.31894118487037
43298,711456,498,2306,0.24334217660679305,280.8023683336071
43299,808080,539,2339,0.22527615517147453,276.4798718749042
43300,723796,523,2286,0.23917564010022901,284.5879028916232
43301,770992,504,2257,0.2325452305457998,274.68063583121443
43302,700556,519,2269,0.24540472191085566,278.8527704449828
43303,781012,525,2285,0.23352637910425184,276.9147054134091
43304,616104,523,2317,0.2764269522304276,299.6743709423561
43305,772830,530,2457,0.23912213642324504,257.4057644186583
43306,655825,513,2426,0.27200198931418546,276.88069852844274
43307,719387,514,2434,0.2526613901182254,276.9874217381924
43308,620251,510,2363,0.2780185248793899,295.7323698612634
43309,681446,496,2349,0.25891923521445653,287.28506676639716
43310,637920,514,2386,0.275939394198283,294.4654092793868
43311,740814,508,2407,0.24815570688590285,283.48223837500586
43312,676091,501,2442,0.2564031691650685,291.2228312629205
43313,1104807,511,2477,0.16885735617620748,267.1293947392863
43314,1051850,514,2475,0.17137516465938127,269.9523699483622
43315,1148515,512,2428,0.1645112135531225,257.40690628287183
43316,1044942,507,2451,0.17392613489835396,271.3100673631568
43317,1258945,508,2415,0.15455684341411538,252.66706992853574
43318,1189589,493,2418,0.15789732224655134,257.7029440738719
43319,1076284,493,2367,0.1670743057445512,267.9158655773307
43320,1072310,588,2578,0.17551983164752463,256.5713299095788
43321,1062105,538,2610,0.17705638651824915,260.0870657625861
43322,1129531,555,2530,0.1655008149329166,264.74146347851234
43323,1090982,573,2494,0.16969220228011264,262.48256481352354
43324,1035228,563,2474,0.17577038793479888,267.93874791451276
43325,1126325,535,2419,0.16794261663460017,261.88447634446743
43326,1129069,563,2472,0.16340623966911486,258.23137335502423
43327,1298855,521,2440,0.15221637802138144,250.7145196988
43328,1055680,532,2461,0.1712015620528412,269.9720173478144
43329,1140986,521,2441,0.16629938983296552,260.2175471837339
43330,1057695,523,2445,0.1724035344262331,264.4709675442817
43331,1164099,511,2403,0.16463607089429114,258.3897750748888
43332,1032624,517,2396,0.17449861881474024,266.75405327967724
43333,1172185,502,2408,0.1641246042953707,256.4696901875414
43334,1033130,494,2398,0.1742206708129367,275.08319740429204
43335,1477424,529,2558,0.13803899496891173,238.04809149779078
43336,1528823,514,2563,0.1308199036480783,241.40875464886645
43337,1556233,500,2534,0.12822674181241767,245.32640575148517
43338,1441297,500,2442,0.13170185236626883,254.45640295098687
43339,1510305,485,2426,0.1278301606661959,254.84083282895145
43340,1445182,516,2444,0.12970773258658808,251.67972970989376
43341,1165868,516,2452,0.16318178145634796,251.9362058016083
43342,1040325,505,2412,0.17294370979162402,263.3998722434065
43343,1158726,504,2398,0.1662234986804019,252.21970836128742
43344,1119307,525,2447,0.16529930912337606,259.1828979215515
43345,1229003,517,2424,0.1578639491628103,246.6678132639653
43346,1143676,503,2445,0.16197573343933633,251.207240156494
43347,1170664,511,2387,0.16199364942798206,251.15576336025353
43348,1021527,495,2394,0.1806309570270282,266.6414704296334
43349,832847,497,2398,0.2175426806219451,277.7131057169355
43350,904829,539,2515,0.2145334049041074,260.98909246397375
43351,965841,536,2576,0.2045394555697741,257.411206059976
43352,1043795,538,2570,0.18142846151011668,258.7819420075884
43353,1203694,548,2527,0.15986766560600238,260.9836905683166
43354,1222492,531,2505,0.15564452224959044,258.92378677062896
43355,1394378,539,2499,0.14516242167113355,236.80929372137743
43356,1368106,550,2505,0.1418015525850715,251.83059519053256
43357,1428916,497,2412,0.1422010016102812,248.1628156674882
43358,1296729,498,2455,0.14398732404607045,256.07998264284765
43359,1526762,531,2458,0.13005731722884337,239.94208907354138
43360,1330764,530,2460,0.1421353531504902,241.32957907191297
43361,1231035,502,2426,0.1523226765453071,239.98424679804268
43362,1265502,531,2511,0.14885292585231927,240.19955975945143
43363,1291711,537,2492,0.1509363640055358,256.922768679809
43364,1148769,523,2458,0.16041383745728635,258.87526346077703
43365,1198892,533,2538,0.16224119295814138,234.05714300834492
43366,1161684,511,2578,0.1634874958688938,244.2017931494511
43367,1112360,499,2519,0.1667472533864618,249.8661401828015
43368,1137836,510,2479,0.16130771685633274,254.62003115294195
43369,1186607,490,2435,0.15579684943537134,253.94541243809599
43370,1048226,500,2450,0.1735543305384,251.81493682247196
43371,1253182,508,2452,0.15793689922849935,247.2474491038902
43372,1069732,500,2400,0.17135137139391046,250.82583951837375
43373,1144527,497,2442,0.16395712060001572,241.65183236045064
43374,1031963,500,2430,0.17386325203320313,263.39098336875867
43375,1078109,496,2442,0.16786893065818503,266.00028326544833
43376,1047605,498,2440,0.17381375836306429,256.9850889102028
43377,1104360,493,2432,0.16372172789211664,260.7603146671711
43378,1104207,480,2371,0.165017233113869,258.5840754574571
43379,1257062,490,2420,0.15553915834458146,244.46044431150048
43380,1187208,560,2585,0.15959548595273665,251.37247563088494
43381,1275851,520,2606,0.1584219378704617,234.49172732036763
43382,1010608,535,2575,0.1759465070571078,253.18114398422412
43383,1116729,556,2510,0.15699296302412558,257.0298360318589
43384,1034452,552,2522,0.17467686965753038,266.50144834418757
43385,1017861,527,2514,0.17639744034102936,254.91227842460378
43386,1031323,552,2534,0.17590794351427222,247.94056522582835
43387,1025913,541,2512,0.17463863800143062,266.5444328426411
43388,1008542,536,2503,0.17860542485485273,275.3023552299478
43389,1026040,537,2467,0.17691965023581327,260.249391383115
43390,1019875,517,2474,0.17566202629240937,244.06001925661278
43391,1019320,517,2496,0.17595822424062527,255.43581801839613
43392,1048888,525,2516,0.17406893609131394,256.32156480539766
43393,1039542,503,2531,0.1728030417039178,258.7007096512518
43394,1034976,493,2484,0.17435947901008111,262.87196326524423
43395,1181655,521,2553,0.1668927691830228,244.6292871380412
43396,1084853,520,2613,0.17416675426710684,252.07371663209707
43397,1023392,501,2586,0.1747674832087522,260.1297351390093
43398,1010241,499,2486,0.17614529888309072,249.48265018460182
43399,1036056,487,2418,0.17301690718066312,260.36400440402804
43400,1023143,521,2461,0.17520997487930565,244.40768749982524
43401,1068075,528,2478,0.16859969488282806,249.57762486423198
43402,1076010,508,2460,0.16705136784692035,257.5685593330302
43403,1173696,517,2482,0.1607354952040114,244.51852681421195
43404,1051417,547,2471,0.1689046403491456,248.70768273721302
43405,1176150,519,2446,0.15741230209835852,255.06630829528436
43406,1125879,508,2459,0.16082052392747528,259.5330601018376
43407,1060559,508,2413,0.16954032729812363,264.55879506038946
43408,1103957,492,2460,0.16471695841227732,256.1774125122457
43409,1108140,491,2404,0.16304419918328997,251.03733696718305
43410,1253985,528,2541,0.1516046411384324,245.3228428827295
43411,1286328,506,2585,0.14876044833506594,248.4058524508165
43412,1392989,529,2554,0.13552399168690132,250.78441100869185
43413,1357521,550,2518,0.1381003611258839,250.3797537042573
43414,1213426,546,2566,0.1495482525073419,267.9228900486071
43415,1219245,537,2530,0.1499174515556187,253.00082407962705
43416,1136949,552,2572,0.15997658489428368,251.49857380793244
43417,989824,528,2522,0.18112803408481845,253.80872623163975
43418,994807,503,2502,0.17840114072773874,252.4685094553318
43419,992906,539,2462,0.17809722905690217,258.4274013678865
43420,968076,534,2497,0.18192324492289036,255.36937912827548
43421,1001897,516,2459,0.17608794742766912,270.42042399708106
43422,1077935,538,2488,0.1657931504376276,262.97243579696027
43423,1063080,535,2451,0.1690448129877093,251.6925650898533
43424,1009573,530,2463,0.17096371944470268,261.93273273754056
43425,1468286,530,2550,0.1299638634046546,242.6919324957474
43426,1426682,508,2565,0.13256046633515153,244.70441255516945
43427,1432569,505,2526,0.12806364879107293,247.32521888908403
43428,1394604,510,2479,0.1288263292511362,242.97118626792633
43429,1370811,494,2477,0.1307953893818709,242.51994934597397
43430,1365050,505,2476,0.1314104943899397,245.94012927808856
43431,1245853,510,2502,0.14296244731196012,254.8661930321668
43432,1299341,516,2501,0.13809202558449998,240.89220274524146
43433,1288420,504,2462,0.13832090987643206,241.35103662459824
43434,966637,507,2463,0.1739775334287465,251.168528133426
43435,1058164,505,2462,0.16433075003774938,253.35910454842835
43436,1017839,499,2456,0.1657860652263813,248.65477118116726
43437,973028,498,2423,0.17274720861472512,258.0990307584987
43438,979030,479,2452,0.17277069336893755,252.45715528356857
43439,902713,486,2400,0.18590505287614287,255.16384631447727
43440,760390,585,2617,0.2242552462433519,251.27653774205513
43441,768129,539,2611,0.2202471379937314,275.16211245576704
43442,701309,546,2551,0.23058146352316947,293.6126894456813
43443,780832,568,2532,0.21004962963731375,270.4480535328578
43444,777349,555,2520,0.2065657273528085,284.2985095398096
43445,785797,534,2511,0.2078989119607234,283.5289148795309
43446,804970,569,2540,0.199559188469123,269.74547687359654
43447,948621,545,2516,0.17317450638345663,273.2455663843429
43448,971522,503,2451,0.1680248605311892,272.3315295344173
43449,1068266,528,2460,0.15667493517811293,269.56956277636107
43450,1113513,513,2480,0.1514455505656434,267.68705042243806
43451,1214585,505,2445,0.1406623914662017,267.2382424390763
43452,1175617,515,2466,0.1418203132168128,259.3820709219995
43453,1186056,510,2437,0.14079895840669074,248.1809719627538
43454,1220758,502,2434,0.13764822403867344,246.1673242037469
43455,1438919,523,2525,0.12551272937183608,238.19175125005737
43456,1449837,508,2556,0.12299677399181934,234.1775244252236
43457,1348593,495,2531,0.12988976908449892,245.5491289998719
43458,1160083,502,2458,0.14147207615143495,256.65055040028636
43459,1089251,501,2417,0.1486975918681547,266.1230636371596
43460,1088383,515,2414,0.14966395907689367,257.79403116368576
43461,1091299,517,2421,0.14769628611589725,250.12454376694993
43462,1366791,515,2436,0.12304120000643896,239.16653561861955
43463,1431897,521,2432,0.11909762751718903,236.50019074392355
43464,1120999,539,2451,0.14252901093398374,243.80422528293147
43465,1116071,513,2420,0.14870184421957588,234.94007103357677
43466,1024691,495,2397,0.15639732838093884,243.9690088867348
43467,997444,510,2374,0.1617185210527989,247.4179158810317
43468,1046394,497,2427,0.1516857286442847,246.51749845659154
43469,965949,482,2370,0.16380776025753127,257.5404534823242
43470,1034067,539,2541,0.16429018369119028,259.27701445549997
43471,1094438,522,2575,0.158352184599763,236.91555531835806
43472,959044,533,2552,0.16437710507547024,266.073224038557
43473,991273,555,2518,0.16122351940384833,258.544814936104
43474,956191,524,2487,0.1635917924525644,253.17703591280429
43475,1068666,532,2458,0.1537018465095719,253.53234300797217
43476,1000827,551,2487,0.15765568260148372,246.96569586966444
43477,947887,501,2416,0.16050538893981747,260.4897045298319
43478,944304,495,2420,0.16263035977926282,258.63123550885285
43479,994545,527,2394,0.15810010374994793,256.85404937420515
43480,956276,525,2424,0.161665001145063,266.2386504055428
43481,944703,502,2391,0.16451851122840438,256.7303552011403
43482,990124,520,2440,0.15794417475386954,252.36647672174163
43483,965271,519,2422,0.1630792151126388,257.7403498976656
43484,945244,519,2420,0.16551407414909947,258.2612622566464
43485,1101090,521,2526,0.15378928808088976,235.66428810676527
43486,1037212,509,2556,0.16016988526065903,243.94642645251707
43487,1024151,488,2474,0.1589809678562893,247.0550351436232
43488,942142,500,2441,0.1654005289966759,263.90766645165166
43489,949528,485,2389,0.1626248684346288,268.4466553263686
43490,959095,483,2372,0.15972575611070192,249.6115190000901
43491,970113,507,2476,0.15957844637892232,249.71480992156745
43492,974405,500,2433,0.1588339199388367,262.743916183095
43493,1191331,501,2443,0.14320082389444921,252.08122271058582
43494,1030898,500,2435,0.1511207920938811,262.2138226761163
43495,1035039,501,2422,0.15494735747831628,254.19015168954314
43496,959698,499,2395,0.15882340242973159,249.42450419502092
43497,1042682,495,2412,0.15293158388846603,242.0182551311954
43498,957849,476,2368,0.15990588175588982,259.50035986448444
43499,956575,490,2384,0.15895666147348447,250.64730130025018
43500,1037312,550,2541,0.15579741393332258,232.32687814696254
43501,1025871,529,2571,0.1559051911546489,239.22629336054266
43502,996531,530,2473,0.15260811750061276,247.85424676058906
43503,984183,552,2507,0.15830979813103452,252.48954823510357
43504,1043734,552,2482,0.15021911839702903,248.30191277119283
43505,1033507,527,2447,0.1510548275144794,245.85035715859001
43506,967065,562,2483,0.15856629172186448,255.66355529322271
43507,972298,517,2428,0.1600267141802166,257.07143143957705
43508,965264,512,2391,0.1605377903920613,266.29473584489944
43509,1082427,518,2405,0.14609817796119118,259.6332111254039
43510,1071313,508,2407,0.14884203905021146,252.0657691104934
43511,1027354,489,2404,0.1557803366074236,249.24380494292845
43512,1033240,503,2411,0.1549235989721544,249.35270632772614
43513,1239509,489,2397,0.1386842277708252,244.48483232440316
43514,1157583,499,2392,0.1396492953127256,264.919356241042
43515,1244759,514,2529,0.1378376600209375,243.3901469140778
43516,1170170,500,2511,0.144857323088939,237.7776261151763
43517,1132824,486,2513,0.14493453608767817,244.9726157873703
43518,1259831,497,2466,0.13297973701234284,243.90207715045872
43519,1439546,482,2398,0.12235209776276325,251.67558691811894
43520,1377487,499,2370,0.12156824383969354,240.66081212301117
43521,1369130,498,2435,0.12335052858383769,241.73822569746358
43522,1373691,497,2399,0.12311435016679892,254.88050098471226
43523,1399073,513,2435,0.12250972539244316,247.11875402791145
43524,1382401,542,2471,0.12173756981656512,243.95106980050377
43525,1405187,522,2438,0.12366977307431441,249.2071103664271
43526,1404562,499,2388,0.12304429429813463,252.58426570063125
43527,1527042,512,2427,0.11909073257250923,246.40375176817042
43528,1378273,492,2395,0.12396773962488389,259.50014636384014
43529,1550797,481,2378,0.12064155092122941,250.06549193767745
43530,1424443,530,2545,0.12692575812579523,245.86377173791362
43531,1467527,518,2576,0.12394288963471843,248.94016818590595
43532,1394721,527,2580,0.1251192430672406,250.02486298643407
43533,1432431,548,2542,0.11965606825669192,253.94112822373583
43534,1369734,525,2496,0.12443205360383516,255.48574207047352
43535,1232547,520,2499,0.13661169744357973,263.04106626109353
43536,1191110,540,2518,0.1395923061790879,253.72144198905406
43537,1185944,509,2481,0.1427164807671977,248.8038246002046
43538,1157171,486,2472,0.14596621708978386,247.42338998604922
43539,1195501,524,2501,0.15153556989412223,236.64261156183883
43540,900802,516,2475,0.1821230140097043,258.8330817472519
43541,894118,499,2469,0.18280546176454945,257.9971679097917
43542,1002292,526,2504,0.16702295102624296,260.10345132501396
43543,1180953,512,2480,0.15373723279416407,249.5505398304864
43544,960630,505,2435,0.17519196804491713,265.47971994945755
43545,1068491,530,2606,0.1652978926233426,250.5375023217384
43546,973483,502,2565,0.17830114583201484,249.97293908902745
43547,979181,495,2507,0.17220601097955268,266.8665883476389
43548,1073520,508,2514,0.1575666509724933,253.8559827121968
43549,1155332,492,2487,0.15501476227956298,244.1387834426798
43550,964222,496,2454,0.17569716973476054,257.05865431008704
43551,948880,505,2512,0.18060215910755267,262.8117219710605
43552,972644,490,2485,0.17477857133338537,257.3906095056958
43553,940362,504,2497,0.1809456595640693,276.1763026237954
43554,949577,505,2483,0.17724353771202167,278.9520942986734
43555,982943,502,2478,0.17345736430188824,275.5558562066088
43556,909641,503,2491,0.1836240973867306,283.8553719359086
43557,895172,492,2474,0.1905621741888567,265.8480908618014
43558,993389,477,2449,0.17712732639777187,258.5228907559839
43559,913975,488,2454,0.19204361970293007,255.57839528720794
43560,1049097,563,2648,0.177605312631695,235.34916506461232
43561,999128,523,2644,0.18225703052159634,238.40528114413215
43562,884374,531,2559,0.1960659731301738,259.60442374868353
43563,899720,574,2643,0.19528882760967145,256.5157894108504
43564,904150,568,2596,0.19275809996233692,275.87364356059715
43565,897603,530,2556,0.1971052660284746,259.078494456141
43566,914125,555,2570,0.1942620895653809,255.22505856780634
43567,950919,527,2537,0.191355316299257,261.1772390198025
43568,862108,512,2534,0.20288237613844015,273.6549266962096
43569,878661,530,2523,0.20011594411152564,275.57761025557556
43570,877205,515,2507,0.20163135579138208,260.3130918390632
43571,898901,503,2522,0.19778137543953841,249.39097683401937
43572,874080,520,2532,0.20427452221648001,254.5163266527158
43573,877405,508,2524,0.2014575050039326,271.72990129986874
43574,893096,502,2471,0.19895905127664332,265.992085868324
43575,941991,534,2644,0.19741003966170279,236.90362499970732
43576,933247,516,2632,0.19818839290560258,257.1064640675415
43577,873218,493,2539,0.2030289075705925,273.852519300621
43578,868459,498,2483,0.20288710293862605,274.33036156498446
43579,863635,493,2452,0.20228747080071313,277.7574835667372
43580,871915,522,2516,0.2031919123457657,262.7326038746011
43581,883862,517,2493,0.2012740630810842,270.35461369219337
43582,881898,520,2498,0.2008928428264479,271.0820837715874
43583,917471,523,2518,0.1966339737800918,268.3019746462867
43584,921494,540,2509,0.19447922554238595,260.5269935954533
43585,1018898,538,2540,0.17815360410852982,244.66673048233355
43586,988277,504,2492,0.18298073483339872,269.3380127775781
43587,1057427,504,2505,0.17445027140124877,260.04823542309913
43588,1030482,491,2492,0.17745213398774567,251.8314785483319
43589,927892,495,2459,0.19750781816628302,260.1962445112864
43590,950548,549,2707,0.1982025959856622,250.70091193797293
43591,949712,518,2656,0.19891490697911787,259.0170191790768
43592,878616,533,2605,0.20412680089137575,268.0276414042009
43593,883187,547,2616,0.204072281466963,260.86385327900405
43594,889631,528,2576,0.20194702240138726,254.25224102610753
43595,891899,535,2608,0.20176732740923953,254.72814223746713
43596,878521,545,2614,0.20582898587280488,277.7907340448593
43597,875195,511,2561,0.20384929262389673,280.72883911895934
43598,891527,505,2582,0.20159501092279855,269.1329266165744
43599,948893,538,2567,0.19332718832573667,259.88465642112766
43600,936496,521,2531,0.19461057288868397,257.68296456647624
43601,939529,515,2545,0.19387163129501342,264.9184916160476
43602,906018,516,2576,0.2009059152886243,282.38069012953423
43603,897207,518,2550,0.2001070291715974,270.2246735059671
43604,882943,533,2565,0.20382124109027874,256.0601989226008
43605,1037272,526,2645,0.18532905125653526,243.68119625074317
43606,1058956,508,2654,0.1807934029657218,245.6631879527288
43607,1002499,506,2614,0.18639145823783596,255.8469100286692
43608,1014342,511,2598,0.18097662729235084,251.51768095054587
43609,1072598,508,2575,0.17087543998867497,245.9319406954202
43610,1057539,502,2537,0.17569358563038515,244.8520594858195
43611,1079675,506,2575,0.1712607166860154,242.49258460039
43612,981373,503,2584,0.18953858490295558,245.7185633572578
43613,1030386,517,2576,0.18177711679309538,265.06897612689704
43614,1013917,514,2570,0.18236912521730622,266.3491294523624
43615,1076481,510,2522,0.17414278068165134,262.9121025524857
43616,1177921,509,2560,0.1592863675101811,257.14819483116355
43617,1252537,514,2540,0.15382257605880623,256.7941877904535
43618,1261601,487,2517,0.15199054531421693,253.50519203187028
43619,1141135,508,2515,0.1631420246780316,260.26493133306485
43620,1261083,573,2729,0.15478883841108845,245.71739504202316
43621,1269506,519,2679,0.15495611446103771,238.48680387650296
43622,1229955,535,2594,0.15474236463443736,254.8189938122147
43623,1276730,552,2593,0.15386051496240374,254.74737591398753
43624,1206177,557,2584,0.157272392680295,257.47565707080315
43625,1214699,536,2540,0.15768247738160662,256.17701730265276
43626,1214755,565,2664,0.15770599305781338,257.7076767972987
43627,1222233,546,2580,0.15675306837480546,259.6447920222823
43628,1196284,526,2580,0.15662100014124505,260.0031037478626
43629,1211202,542,2578,0.15605242522961107,254.13266326446944
43630,1193787,524,2561,0.15952832647277215,259.62963703254917
43631,1191215,519,2551,0.15950735785810857,259.5492176496105
43632,1133296,526,2589,0.16867429171897647,265.5008585291539
43633,1192050,524,2591,0.16113719810238344,261.5860594205758
43634,1076785,493,2552,0.17615206949850007,254.33046141874365
43635,1218627,514,2653,0.16490210084869977,241.24597872470994
43636,1229667,511,2710,0.16605276264138197,240.35229998806568
43637,1117816,501,2669,0.17164814603291664,250.75223188161812
43638,1084741,495,2580,0.17533929147689745,258.9985942558632
43639,1091421,492,2534,0.17369047370532098,264.99548007391485
43640,991295,514,2573,0.1911257480426483,259.3105011130753
43641,1061307,515,2536,0.17866756003488812,260.23909830250517
43642,1082291,501,2525,0.17641343567205256,260.4483760749024
43643,996032,511,2531,0.18919841391736986,266.4018794617831
43644,1019189,533,2605,0.18516087144380555,254.4972270907112
43645,1029484,517,2576,0.18488030725969343,250.10800659069437
43646,1010982,516,2590,0.1903524127817544,260.1684654785246
43647,1012333,510,2558,0.18683392830912207,267.0472379235745
43648,1066603,497,2563,0.17924421123694115,260.52673742661347
43649,1052393,481,2476,0.17762814577059313,251.05633956682453
43650,1093294,533,2691,0.18104699066395313,252.10765464875251
43651,1183995,510,2698,0.17387908434744725,254.74780940660983
43652,1048340,536,2737,0.18111139688837677,255.63550785107336
43653,1053186,553,2679,0.17977472478646578,272.62429674302723
43654,1029166,536,2627,0.183124247993978,268.3543033104554
43655,1121810,540,2586,0.17652630361197388,246.28486420653334
43656,1025378,555,2643,0.1836991361634014,248.29389432635477
43657,1031015,517,2595,0.18438883570554035,252.00521826685824
43658,1020978,493,2583,0.1851332810951272,254.2063987288136
43659,1036351,531,2558,0.18315895054276013,268.3019954174108
43660,1018278,534,2578,0.18508999783844823,271.6944426488356
43661,1102353,521,2562,0.17777731716332454,246.53291177931808
43662,1023948,529,2568,0.18511488940741605,249.860044996136
43663,1090572,506,2514,0.17813824408837498,243.89441626056782
43664,1007620,520,2545,0.18743423399490375,249.31624669205578
43665,1042331,520,2612,0.18695752346610908,248.90810328605954
43666,1142810,518,2700,0.17607304754416184,243.8675482750976
43667,1044056,504,2685,0.18382501068997967,243.676546978126
43668,819067,502,2647,0.22991444664104813,256.2031880366867
43669,805084,496,2575,0.23182830409117117,259.3940793591305
43670,824888,498,2622,0.2282180723370214,254.77412372894324
43671,915408,508,2623,0.21507638740424323,245.99368310772704
43672,824261,505,2634,0.2299320264818185,268.2615116456435
43673,935961,513,2601,0.21322260152178452,255.2030297238725
43674,819015,518,2613,0.22980675751598767,266.7100191860181
43675,1034083,506,2608,0.18920510640628735,247.0041099082893
43676,1021564,513,2628,0.18910296379563749,248.69644579818805
43677,1036539,504,2607,0.1849215049061837,251.50505741458312
43678,1033813,485,2547,0.18311454223243803,247.81014454638378
43679,1063000,497,2495,0.18026208774218358,257.2042601461127
43680,1068557,565,2779,0.18384137546986856,238.29898271999187
43681,1077980,532,2714,0.18114111941125244,251.7512109606525
43682,1011665,539,2668,0.18613357383320497,273.358549042673
43683,1062935,578,2706,0.1808471644051095,264.81849673482543
43684,1008311,558,2639,0.18790047048177203,260.0139794850206
43685,1034030,527,2600,0.18520589467612297,266.5927107298707
43686,1114369,552,2647,0.1754798454882965,255.48891960955373
43687,1025494,532,2611,0.1879182184712315,257.5285257926564
43688,905311,510,2563,0.20900343852326742,280.20409594462234
43689,881890,527,2574,0.2213167636201062,277.9614456805745
43690,852830,512,2568,0.2264639058052971,280.805150337525
43691,829431,499,2570,0.23040153718385115,277.93941472839197
43692,825396,510,2605,0.22727876892909557,280.70299002549
43693,949385,507,2571,0.20564907409316205,272.8645445103096
43694,918474,493,2558,0.2111519586324012,262.38747320733376
43695,889224,518,2641,0.22334752907921465,257.39141958700986
43696,884025,513,2696,0.22493911236552158,261.9266138272073
43697,824687,493,2675,0.22960462430585396,273.74304659527036
43698,809919,500,2598,0.23374717367778325,275.01116594962224
43699,805483,488,2533,0.23239746276573445,266.17750298870243
43700,800765,509,2552,0.2351365589891374,270.05733284461525
43701,819161,512,2588,0.23033101167651007,280.5115503226255
43702,861178,510,2597,0.2237368809258138,277.3626990957971
43703,843324,515,2574,0.22855667232752533,280.3574555808054
43704,811794,535,2622,0.23222238464307282,278.1487230646945
43705,819796,521,2583,0.23033693440919709,272.9557058406386
43706,866059,510,2595,0.22340651674415998,262.55996766729334
43707,847728,515,2583,0.2263146338671546,257.55606457079585
43708,827275,491,2541,0.23392858567698388,278.11398240345903
43709,833626,481,2511,0.23287781283445513,258.4768285651272
43710,918993,523,2709,0.22048089878806687,259.22103244951745
43711,962414,524,2734,0.21170693307553656,250.1299975357093
43712,1318900,539,2729,0.1538359303161255,251.6463797850054
43713,1273508,551,2716,0.1543864227330621,252.96426471461933
43714,1279132,529,2624,0.1529471032363662,251.64362305217568
43715,1291195,547,2665,0.1519442301038597,254.18724513122112
43716,1343870,547,2699,0.14819197756996658,249.4702693440127
43717,1329741,505,2594,0.14840232182202825,252.43867359812245
43718,1423662,497,2615,0.14307966936109132,252.13838991919806
43719,1374261,524,2586,0.14670582501427465,249.33687693220526
43720,1252520,529,2619,0.15719547915158766,259.3972159186287
43721,1285167,503,2556,0.15307040032537733,246.02951943458368
43722,1315678,510,2620,0.15145119509100735,247.55093733173803
43723,1313679,521,2600,0.15087688524588902,259.4592690451663
43724,1287581,521,2631,0.15236914629987514,251.41572267908364
43725,1484425,528,2686,0.14132818835639827,237.77020020090865
43726,1395424,508,2725,0.149215299806325,239.38814712935977
43727,1329398,496,2660,0.1481937172749891,248.02304918029415
43728,1316156,498,2681,0.15018356322118423,252.5115327171386
43729,1473864,495,2621,0.13863068640660328,240.79503892267968
43730,1361591,493,2608,0.14837728728226693,247.99948824062594
43731,1051786,510,2626,0.18583560792874623,263.5453688996393
43732,1043265,503,2610,0.18584760799791394,269.0623885301792
43733,1053859,499,2592,0.1824340751722365,267.1826894861509
43734,1031267,508,2639,0.1845759959437655,262.57794965148713
43735,1021768,503,2609,0.18610238110602464,263.7035387825974
43736,1039522,503,2645,0.1856629114698299,265.8374059072547
43737,1040961,506,2618,0.18146794380283499,269.6013445550574
43738,1050173,486,2618,0.17828068292460728,257.3095764130211
43739,1018585,495,2533,0.18378054717076886,256.4594716845647
43740,1085217,547,2758,0.18387386880129084,250.20102539449042
43741,1093027,527,2761,0.18173088059301662,256.26605789780837
43742,1055168,531,2716,0.18237697557446617,267.9186127420547
43743,1105388,563,2700,0.18017467346211566,264.5608856565001
43744,1042594,548,2693,0.18585877318490573,269.2199185429407
43745,1026687,525,2611,0.18816401816223752,265.6674821595343
43746,811526,546,2686,0.23362838215650814,280.5034626720247
43747,652882,520,2555,0.28745038946692436,287.48638114025374
43748,631906,505,2571,0.29427189566001594,300.16787318388833
43749,722081,513,2543,0.2628182053522252,281.8745100094482
43750,740826,513,2549,0.2586794194506437,279.2626626912285
43751,732865,497,2558,0.26304738777667347,285.0294013676959
43752,709902,508,2549,0.2690809306833099,285.3349434680075
43753,655324,509,2548,0.2906100468240811,280.13626872029994
43754,643569,493,2513,0.29371550980849737,302.28457053638516
43755,744583,511,2637,0.2688110822500118,264.3146562697532
43756,698332,514,2669,0.283128180679017,255.60566861378715
43757,649216,493,2652,0.2904875948435199,293.12447293923026
43758,627231,496,2593,0.29858918156937914,300.9094157310128
43759,653961,482,2541,0.2892312272321123,281.497129584273
43760,630847,506,2532,0.29410356851968195,275.8920195926708
43761,744585,516,2582,0.2530334486082002,268.1560128326182
43762,626818,516,2565,0.29356674742578454,284.91725458109784
43763,698444,511,2556,0.26952054197463704,287.46001045277944
43764,623496,540,2630,0.2939256690996194,295.6147534326067
43765,647744,519,2580,0.28963680244501105,284.34631587047545
43766,635763,497,2556,0.2917888496467016,284.51759991507896
43767,703053,501,2559,0.26628727886224973,270.85021442089015
43768,643974,490,2519,0.28294622089083105,298.580609777471
43769,629491,481,2526,0.2885121701294155,300.1570545315873
43770,678605,535,2647,0.2766416098200421,268.54541933411525
43771,716387,494,2647,0.26584391663296436,256.79291858603625
43772,631676,531,2665,0.28867374381005145,296.4745944902704
43773,622751,543,2613,0.29469946169485056,297.4097680618159
43774,625545,530,2566,0.29357422292389385,305.4011944860865
43775,654105,539,2588,0.28296544690520853,277.4181994713749
43776,666060,542,2576,0.27659346849222266,283.31275905473393
43777,675981,516,2548,0.2766575765871042,295.28170779341525
43778,630457,498,2505,0.28811475437652173,297.92996127942695
43779,611017,528,2554,0.29614920975346315,303.85983676514394
43780,653929,524,2543,0.2802486919741014,280.4430868610873
43781,621390,507,2516,0.28780694101279986,280.9468849801152
43782,644975,528,2529,0.2800911811867696,304.510450379379
43783,652603,510,2486,0.28317591198773645,289.6518049390822
43784,651480,520,2537,0.27695468845080745,294.31700583172847
43785,724762,514,2600,0.2639486733492294,267.3653329490756
43786,715026,507,2628,0.26643860936235847,253.40704920322233
43787,691887,493,2588,0.2702892981208336,257.01487166229765
43788,654621,499,2565,0.2762683962215384,279.25966914110126
43789,714500,500,2551,0.25393456553662686,267.16480058534506
43790,688529,493,2542,0.26877070869626984,269.4917825892606
43791,639873,501,2545,0.2896642875366477,276.29645701998123
43792,639299,497,2535,0.2877307709349376,293.29980952828384
43793,621995,495,2484,0.2930252866308137,305.2696112004071
43794,622548,498,2513,0.2904301889090388,294.32030479486315
43795,623684,512,2529,0.29189177471918265,291.4549493047187
43796,620453,498,2514,0.29186069129159714,299.70530193757116
43797,638292,499,2511,0.2850062721183088,299.84095044249307
43798,611666,476,2415,0.2916442957054156,302.66308951923776
43799,665647,486,2477,0.27566011282849023,282.1649975183754
43800,670383,558,2684,0.2791791548128956,274.9517240269759
43801,682443,502,2651,0.27145815303981763,284.0778956114595
43802,610008,522,2560,0.29482659510031173,286.7302357563645
43803,595421,547,2550,0.29968414642572205,301.1389500348983
43804,639993,541,2547,0.2828111643751234,288.59890933153883
43805,690300,526,2545,0.26355926752419934,267.9220075227313
43806,599348,551,2577,0.29635583424976675,291.48351477244114
43807,605281,517,2533,0.29213485568018904,304.12856084045626
43808,594387,521,2526,0.2983044983603818,298.90886761093645
43809,613021,514,2562,0.28642072031128485,300.00442112439094
43810,617345,510,2577,0.28701584367562877,286.7839475477589
43811,662462,488,2516,0.273556676313462,279.3854164966913
43812,600804,513,2550,0.2923795007622145,305.14914616980286
43813,677530,498,2516,0.26054658982180934,291.4269483799259
43814,687538,487,2479,0.2566731222856482,293.4987595241427
43815,662469,504,2606,0.2734525191049638,286.8845125422994
43816,634483,499,2609,0.2836546314368614,266.19269939994103
43817,620283,485,2594,0.28214183283751126,296.53257655537874
43818,581604,473,2504,0.29304752406092877,293.32311309530957
43819,655410,480,2502,0.26996727206322,276.47142483614317
43820,587129,502,2511,0.29061004085293723,291.88292002523076
43821,568542,494,2490,0.29781191002768626,274.3736588348004
43822,580396,491,2482,0.2892057268467673,301.9596201261226
43823,661503,507,2461,0.2655798333975009,284.3055519553634
43824,638127,524,2468,0.2631199586226495,292.4980000752809
43825,601713,513,2508,0.28009705791789014,291.9934765817363
43826,585622,496,2468,0.2851114298232623,316.08305615893966
43827,713276,486,2471,0.24651016214899063,285.3510000195823
43828,570477,473,2437,0.289979432639674,298.6169857863619
43829,656349,477,2438,0.26538752966326695,293.8429492201675
43830,622169,522,2645,0.280041661458433,278.65596671113036
43831,766488,507,2624,0.24099636993790063,251.67227817874925
43832,549649,523,2621,0.2967323362618091,296.9938575578481
43833,571604,536,2558,0.28623890842779737,307.3310745631041
43834,583490,529,2580,0.27758853099625064,283.9679995460897
43835,634898,517,2543,0.25869257684543656,264.0608548911855
43836,559025,535,2587,0.28864496844146764,285.42049384669986
43837,545903,497,2511,0.2917656767483796,314.823250213685
43838,532086,476,2484,0.29561803505640366,321.41482507531845
43839,580694,515,2477,0.27462538264388076,304.90594051031786
43840,556450,516,2555,0.2851708600125462,309.74281881690445
43841,618969,503,2520,0.2624427830828002,283.4281324308972
43842,529073,508,2516,0.2922091150389111,305.64750529190076
43843,603344,512,2654,0.2599899743462839,290.3344372838745
43844,568953,501,2484,0.27025191027372997,301.9455968945635
43845,579177,512,2592,0.2783767096413816,281.787700264419
43846,573410,493,2591,0.27905451790336944,271.27410562926065
43847,542459,491,2586,0.28811685162004813,297.378708697714
43848,551624,489,2561,0.28185650350776004,309.5296259770807
43849,535593,481,2481,0.28110807294713125,312.4606310897119
43850,521321,492,2542,0.2916292654793339,312.4283900932335
43851,577300,495,2530,0.26772117835085335,297.39891049221694
43852,509405,487,2523,0.29648670435303437,303.4725540913793
43853,558748,492,2502,0.27211520707541265,306.5385706217912
43854,503668,502,2507,0.29786784419298873,329.16737792789263
43855,641001,487,2475,0.25236722350982144,284.5906127815297
43856,509019,487,2509,0.2896979907331756,287.31563293994054
43857,633761,485,2502,0.25133114934178297,277.13377574466233
43858,508414,464,2461,0.29160036966917513,308.7986903185185
43859,594666,473,2495,0.25724557716095586,289.5918184387091
43860,572142,539,2641,0.2714497149414143,277.88118499621856
43861,596624,510,2621,0.25762588875733844,280.2503828865451
43862,524185,518,2554,0.2785883838472483,314.1251843372078
43863,496375,536,2525,0.29141114161868364,323.5065313135578
43864,520362,543,2535,0.28304205320137416,316.85260770153667
43865,499348,519,2516,0.2961527710414148,294.70158581322926
43866,515509,535,2480,0.28551787624258745,318.6905847193058
43867,489080,513,2517,0.2957464266807175,313.30642852209303
43868,493192,493,2467,0.2936147608475978,308.8607117397548
43869,523774,520,2520,0.2754186551222818,299.78794963800146
43870,518904,503,2507,0.28162003732679686,297.6201967195405
43871,530432,498,2489,0.27613293648942444,289.6923661853494
43872,493321,506,2492,0.29144718409513387,313.88367779335135
43873,598877,495,2512,0.25477190552980705,294.62743165302896
43874,508452,480,2457,0.28135884640635395,290.51032525195075
43875,544775,496,2553,0.27647358989297766,283.7339679555443
43876,584749,488,2596,0.2565717092530201,285.8171987938859
43877,546892,483,2557,0.2663783066967571,274.9931439849291
43878,516917,484,2420,0.27703390925427257,306.421218072603
43879,470383,481,2416,0.29735188475143803,319.3836345616412
43880,524203,503,2442,0.2737166713048548,293.6260317215833
43881,490298,501,2475,0.28896022991324677,297.36789128260153
43882,457163,486,2423,0.30214410631875865,329.48874239892206
43883,498776,499,2437,0.28200337931052927,293.1378555253325
43884,504798,506,2421,0.2775654049481351,307.6480468204967
43885,477274,509,2477,0.2932827500952525,296.5014954139076
43886,491913,498,2457,0.28431796701032497,308.4645721478062
43887,542148,507,2476,0.2673717186137213,303.07566594089974
43888,477837,487,2450,0.2933431264237837,302.1286776197434
43889,614207,480,2432,0.24427658981903422,285.1336544143864
43890,541203,531,2626,0.2719822924226437,271.29758497122043
43891,568150,506,2613,0.2634579529948179,285.4146553253105
43892,476419,535,2617,0.2913638618170351,313.09464278497455
43893,467296,540,2569,0.2943310848713006,327.8173898428484
43894,471079,512,2530,0.29411840031926906,273.17393792891755
43895,579327,515,2504,0.25223836924737897,285.9980331102814
43896,486665,534,2534,0.28449518328416507,316.818130448433
43897,477425,482,2466,0.28735951416035443,302.3296750183306
43898,474099,487,2456,0.2900551985766736,346.4776769677315
43899,460951,513,2449,0.2934661014727193,297.7041676364353
43900,539938,507,2457,0.2590078887056548,307.1938210549052
43901,458699,489,2426,0.2950662053351235,290.6121834836281
43902,476233,507,2455,0.28451913920076655,318.79716885967485
43903,486240,503,2450,0.2790702342629393,319.2647870904615
43904,487251,510,2461,0.27790856991367585,316.1085471847291
43905,552449,512,2520,0.26265027560192844,243.149048632235
43906,527757,499,2564,0.27415500036755913,273.201522827619
43907,510219,484,2540,0.27251501931907074,291.13355079441357
43908,535506,490,2454,0.2595224417765427,285.3599745812082
43909,477655,482,2466,0.28483041153134625,276.74896433739747
43910,463669,500,2509,0.29622609269543393,304.98343817642257
43911,479530,507,2507,0.287285981855166,272.7939530455559
43912,504144,504,2505,0.27300660541628086,306.6179541429323
43913,498592,499,2490,0.2760523104722088,308.62245284454343
43914,470832,509,2480,0.2890143592066494,312.13765449535003
43915,464634,490,2500,0.29014346008041675,283.89498727503536
43916,477922,484,2463,0.2831265269081615,305.68173569387085
43917,489433,493,2473,0.27880531214690346,318.29307303140905
43918,462200,479,2453,0.29352930014497747,292.3148829004219
43919,473286,471,2396,0.2872747533922633,311.4268685404292
43920,530125,553,2669,0.27046082689361245,286.6598784388975
43921,528302,526,2639,0.26657868426008874,275.20274054771767
43922,460895,528,2568,0.29343432905111233,296.3551510731994
43923,488360,555,2554,0.28078328077443077,272.7392395907898
43924,464379,549,2558,0.2918220761533571,293.99491132431405
43925,472005,514,2479,0.29121975084796353,295.27155726361144
43926,480673,545,2535,0.28687853940829644,315.0402110437004
43927,469800,519,2494,0.29330339940824024,275.19393576029404
43928,464258,496,2457,0.2952697193930323,305.26347210369187
43929,511673,518,2501,0.2743001787938804,274.3387218960256
43930,495480,504,2518,0.2771758253956214,275.17062023042155
43931,460897,500,2488,0.29563153238136786,303.5872097077434
43932,466572,509,2491,0.2898659762136841,299.441470450394
43933,468004,512,2485,0.28826528894415726,273.27203391263504
43934,479704,494,2474,0.2797625822486265,303.93208519356483
43935,517494,516,2538,0.27376682685210685,287.37373774311277
43936,523178,503,2573,0.269249549816728,284.1092791552367
43937,488625,481,2517,0.27904736154103293,306.50398883811556
43938,470139,483,2495,0.2817451607800565,281.6447938729275
43939,473690,479,2448,0.2778382608900722,289.4014568134945
43940,441573,507,2472,0.29689190705955243,309.6784803514768
43941,447957,508,2461,0.2959540649951315,328.78278377018484
43942,446648,497,2421,0.2951621516115912,304.3655639496758
43943,462389,500,2402,0.2836256960307777,277.6687744248896
43944,442791,515,2454,0.29834646491680034,302.05075410548795
43945,474150,504,2438,0.2811078212042932,292.9882089431101
43946,492055,499,2429,0.2712587756206503,318.8915751824212
43947,475216,489,2420,0.2767994763686572,276.21143914694636
43948,437465,483,2426,0.29675830782580903,303.9891184188289
43949,444711,484,2435,0.28678158871714565,318.21388414447847
43950,506222,535,2640,0.2690135610661321,285.96129804533376
43951,583436,491,2549,0.23655830679631823,287.4163730289689
43952,464094,517,2611,0.27384769261614356,274.32341532232084
43953,429275,515,2566,0.2871517228560223,318.32729331432046
43954,433316,515,2530,0.28379730187439095,322.0767116613854
43955,442233,528,2496,0.28122108282741753,298.11390954599835
43956,441665,541,2543,0.28043304170586225,310.68046525465184
43957,438675,523,2521,0.28060423193709766,301.15551263747415
43958,425264,487,2455,0.28618766104353316,340.0812607918517
43959,421488,513,2474,0.28530774471873765,325.2631536551176
43960,439768,523,2485,0.27715720403490096,331.3749070724473
43961,424059,520,2436,0.2884445664282865,342.3310532840797
43962,484224,518,2450,0.2566232558257605,322.2394299487095
43963,423333,511,2454,0.2871634231657192,307.4342580557577
43964,453965,516,2462,0.2666518079742282,319.77361704222625
43965,467446,520,2533,0.27216081054072516,262.44934540022297
43966,474159,491,2554,0.268433355216333,260.19089546363284
43967,427037,486,2528,0.2859395546287605,279.57253784242005
43968,433297,493,2511,0.2775549334867781,297.83980655337103
43969,477682,489,2486,0.25701217751353933,304.5349174619062
43970,417508,489,2500,0.28736942538351573,279.15107919882644
43971,445682,495,2491,0.27523382403149693,301.7160680539065
43972,423975,494,2501,0.2815795906480864,280.79311909090546
43973,441491,496,2449,0.26814920286941235,289.78125648054936
43974,412235,492,2469,0.28676842360794425,325.9246405949091
43975,406161,482,2465,0.288140983597623,343.76733294057334
43976,409129,494,2478,0.2859822706970666,340.62140707024616
43977,443936,485,2455,0.26463638798389133,324.0965339323171
43978,411440,477,2420,0.2805621865861741,310.1203365828919
43979,398830,480,2397,0.28618130764491,291.93158927619714
43980,482935,589,2659,0.2603119317362046,252.37060466214697
43981,544255,520,2565,0.23637402889458703,250.04800385070982
43982,402664,522,2491,0.28630751113836644,311.37865690684345
43983,387444,528,2461,0.292384781674302,339.1558236835082
43984,394743,568,2486,0.2883873343036335,323.8868570866964
43985,420808,536,2426,0.27650950424663323,319.36391505506947
43986,409298,551,2471,0.2793399237255453,299.4411289984673
43987,402224,522,2429,0.28345094189311965,305.1343228674648
43988,397650,513,2448,0.2867898252936497,307.1127392241893
43989,420000,507,2422,0.27426936582147327,331.04467058716006
43990,414658,500,2445,0.2743277431305266,298.4264792485812
43991,397316,498,2416,0.28170560394250777,299.7353956398591
43992,398575,501,2416,0.2843061006711891,288.00033404724786
43993,495626,490,2384,0.245587688757288,281.8719693857292
43994,406209,482,2390,0.2749279817360516,286.3660832577239
43995,454237,503,2467,0.26492516549294626,298.51359683314286
43996,453010,498,2527,0.2634130164235221,291.3498051133216
43997,452345,485,2436,0.25034018825678955,276.2214122342988
43998,408810,478,2392,0.2733417605514002,318.39077290443424
43999,374726,474,2349,0.29290599210895407,345.9679288870227
44000,377837,506,2415,0.28941226485764665,329.22725289869425
44001,392527,506,2377,0.2817723907578855,329.59764157844734
44002,409979,496,2381,0.27213572111503787,334.7580455595983
44003,383020,497,2368,0.2892639933319989,337.42006755417395
44004,381858,531,2430,0.28410412082245157,321.3829903200502
44005,459924,509,2385,0.2532989963624877,272.9608655424431
44006,415117,487,2366,0.2683260663644655,299.1147983466128
44007,373972,504,2391,0.2884949450627872,363.4997328545362
44008,375990,483,2364,0.28776939330040213,346.45069001344683
44009,371649,477,2329,0.28773931732903457,310.58197302075274
44010,435639,527,2542,0.269375428650847,287.53027162700437
44011,475827,517,2543,0.24778083077677598,269.23758892310093
44012,397396,537,2539,0.28217363772414017,309.62635418812386
44013,381816,543,2531,0.2917808966832769,337.9212198424997
44014,376205,511,2448,0.286307392044282,300.4930488801566
44015,389146,518,2409,0.2784438107625902,290.2706317196949
44016,381287,541,2492,0.2843012693116256,294.0437559282971
44017,382572,481,2413,0.2809756049528417,291.1651459582112
44018,363497,477,2378,0.2914803817996258,312.32889856019267
44019,385332,523,2435,0.2784731327271469,358.46632264303594
44020,362092,527,2443,0.2927741779575933,323.664548804355
44021,352148,503,2387,0.2934730339914468,298.4289759842689
44022,361533,523,2434,0.2874899935303892,296.50553470926326
44023,365286,506,2384,0.28765474964006965,296.16062740912247
44024,427646,511,2414,0.251796330083813,277.647455580458
44025,453409,513,2458,0.2524562544943346,292.8238570598069
44026,425343,488,2476,0.2662679274327372,290.5229556061319
44027,474422,478,2394,0.23641685774483848,272.5444193623185
44028,430036,499,2425,0.24930720963365594,270.68840164823683
44029,357960,481,2363,0.2876396440636393,294.08697483147495
44030,366672,481,2369,0.28188887581002997,301.9040376988689
44031,355017,493,2390,0.2904470498399285,349.2921039661354
44032,372811,486,2352,0.2770326934533081,321.8697194866321
44033,362732,493,2339,0.28357822119917836,299.40106580427266
44034,355351,491,2355,0.2861211186039098,350.0635136463714
44035,354199,488,2331,0.28538527978344835,302.71435187049855
44036,352101,477,2316,0.2905422262618351,315.1921882752299
44037,416163,495,2368,0.24852511230459842,282.6371479268052
44038,341099,472,2315,0.29479312436863936,302.9802180470437
44039,342737,479,2268,0.29073202292142014,353.77127165863567
44040,468357,554,2568,0.2727563584595284,285.9371227597335
44041,445623,512,2512,0.25599183376535656,292.6322736854566
44042,409647,521,2434,0.2567827873657493,294.7634955950688
44043,350316,556,2423,0.2963776273936099,329.9720860929431
44044,383266,545,2413,0.28927516460634256,297.28292286328997
44045,369462,512,2335,0.2762808260606465,337.7059584188804
44046,370852,539,2400,0.27440462944791616,288.0547594048784
44047,433925,501,2346,0.25094619305874655,268.74697266553477
44048,363272,488,2337,0.281020439304487,334.0217195514493
44049,368684,503,2339,0.27427064108564525,333.9221373250311
44050,359167,493,2341,0.2809904489806085,344.4798399027619
44051,371204,480,2251,0.2718567549245761,301.5746879504478
44052,367721,508,2341,0.27711196395914767,306.8918374427848
44053,383582,491,2292,0.27165759989785393,346.4536951720505
44054,354978,486,2295,0.28970222888184455,339.36107634472336
44055,469439,494,2363,0.24991620533235956,265.64316698039215
44056,430108,483,2353,0.26364684703381946,298.7956084916596
44057,407396,466,2342,0.2610533428384633,293.4142665188672
44058,379919,482,2306,0.2750228566352803,327.14534878907375
44059,333446,468,2232,0.3052109307174704,337.06723025392614
44060,346952,499,2264,0.2965900900903275,355.73210083458576
44061,367675,494,2253,0.28152725815467705,354.86232923674555
44062,362351,490,2225,0.28082126702842686,350.1670204621477
44063,380820,501,2290,0.2703207458826167,354.14656207522944
44064,449989,508,2270,0.2352573084986956,323.29191276773867
44065,544336,496,2251,0.21705807408661337,288.512154346991
44066,512597,478,2216,0.21074843072435995,281.58572303805977
44067,479408,500,2213,0.22291591868933933,280.5479953702459
44068,359908,480,2258,0.28007730423890864,356.8398542302423
44069,449303,480,2229,0.24182754286977304,312.85843226156334
44070,428775,512,2369,0.2611329363815951,287.8055294068914
44071,609681,489,2368,0.20321206821439547,257.6182245717489
44072,410456,510,2380,0.2573503252967841,312.0428176759431
44073,536504,542,2368,0.21944736519209207,263.59005237669453
44074,352694,510,2282,0.28460219642242707,324.5173046651755
44075,394543,507,2290,0.25927610667535017,355.7107022075454
44076,360676,534,2259,0.27739211107480366,365.76806640827823
44077,349441,493,2240,0.28533974873587276,340.787160012508
44078,431921,475,2196,0.23581767180575386,314.3564291497039
44079,353032,512,2205,0.2801531466609747,385.6066669305013
44080,337884,509,2199,0.2915224919173841,356.23200541523335
44081,372054,484,2191,0.26721767736139,367.3464121347763
44082,345089,487,2186,0.283184210169019,386.77784745810584
44083,366784,491,2195,0.2698372863811166,343.40246798144136
44084,337788,490,2163,0.29016271403073857,379.3549706543687
44085,438470,501,2251,0.25117807773169143,289.73340073405967
44086,393165,491,2290,0.2714101842127596,315.35173001091175
44087,386359,482,2243,0.2624157926695529,309.87196947473956
44088,348994,484,2174,0.2785635936893289,351.04564401112503
44089,317049,473,2180,0.30125143187966835,377.32275773764707
44090,327981,474,2194,0.29345706495197366,365.5002498672171
44091,362464,499,2190,0.27116045716269194,331.1514412128246
44092,419221,486,2196,0.2403256207776192,333.9265991780518
44093,347005,491,2176,0.277925494834416,349.7129100976158
44094,343046,498,2214,0.282507065221601,351.1945760878783
44095,450264,493,2194,0.22611349498740613,285.9070040539735
44096,402166,489,2194,0.24906811586761488,298.26890414596954
44097,445007,477,2145,0.22769707416739843,311.18393581654976
44098,351450,456,2097,0.27722335259643044,310.99561293866236
44099,384780,458,2033,0.2624391778497225,338.68240020623335
44100,435274,528,2315,0.2557258914592037,335.56251369865913
44101,410077,491,2251,0.26164717007298904,285.40127613850115
44102,322939,502,2202,0.30102004174785874,361.13187538911717
44103,365272,519,2168,0.2767220947431269,368.1796252695689
44104,360511,550,2174,0.2785404014080447,362.84089188762056
44105,399957,527,2165,0.25615093194271626,290.4203220248656
44106,375927,524,2181,0.2620061097474083,321.9678817417097
44107,361657,514,2150,0.2721240295888477,322.0575344494134
44108,352336,495,2128,0.2803521057428451,367.91691924828586
44109,380853,503,2120,0.26041895583339986,387.60547715133464
44110,394757,494,2134,0.2544601244943328,311.6547081595774
44111,481006,487,2108,0.22745878074082224,297.5571209946725
44112,401224,494,2127,0.2519089818879493,308.5843437719444
44113,421620,482,2097,0.2472823414093549,298.1614248599108
44114,340206,474,2102,0.28604575563337004,356.7038264236542
44115,446261,485,2169,0.24687289967532897,289.8327066750581
44116,412178,484,2196,0.2585671524948249,302.05905365986274
44117,429184,462,2147,0.24381912336902364,332.25738323815824
44118,336087,467,2102,0.28888419250079655,360.5159852144597
44119,374994,477,2050,0.2677869403644224,322.58062727410316
44120,406987,488,2090,0.24188497023250471,331.01942818249717
44121,467221,494,2075,0.22643739578917774,301.3816493016668
44122,329326,485,2039,0.2868907665748127,345.83060017428755
44123,341936,485,2023,0.27919322825621334,365.52278943143557
44124,365794,513,2099,0.2666912099324018,355.5985971999585
44125,433661,499,2067,0.23640369987389942,294.46138828676266
44126,352017,479,2042,0.27197283959017865,349.9492577703298
44127,369943,488,2045,0.26083446152519124,394.59684823180004
44128,404647,460,2002,0.24063245400313066,309.7876780263615
44129,424109,457,1960,0.23798240593811565,342.05574332518273
44130,449483,515,2186,0.2380477144697537,296.29334702433357
44131,512239,471,2136,0.22142670193994263,300.899824682155
44132,425475,504,2182,0.23343888501558407,321.09738667489876
44133,496071,514,2127,0.2136177785196313,316.99884811414637
44134,358459,517,2154,0.2690319583020817,408.6586586398466
44135,390384,514,2086,0.25270246638184585,401.18990842593513
44136,398204,534,2114,0.24802141321785226,380.7383118644109
44137,446384,489,2060,0.22985250003808944,351.5924488275923
44138,397583,459,2017,0.24011457840755637,399.30470248856324
44139,453496,494,2005,0.22355331532803,361.89621911998313
44140,318494,510,2019,0.2881088510364787,453.21108626582225
44141,433219,497,1967,0.23439032043378016,354.70657884607857
44142,353754,500,1996,0.26493107459424137,387.7827518446387
44143,393264,487,1959,0.24515292948502326,392.1905146814732
44144,323038,489,1959,0.28091803337689364,429.04816279825883
44145,551371,493,2055,0.20605194153484002,275.44344790633426
44146,432961,473,2062,0.23287939157569457,331.8501599419872
44147,641825,468,1989,0.16997009722745557,292.06090854836697
44148,465575,483,2025,0.20849733891210762,323.2629484231828
44149,342090,470,1988,0.2718650229881401,360.0925894706888
44150,322667,471,1997,0.2831123944500123,390.5684591725465
44151,429712,490,2011,0.23113265051944976,342.0923020758162
44152,394675,474,1986,0.24080344354216807,364.5841704049778
44153,507703,475,1974,0.2065793627416271,360.79025981560204
44154,349364,481,1981,0.25955491874094316,422.90413433900153
44155,446011,473,1977,0.21326668583064795,352.6570034554328
44156,379869,476,1973,0.23870146700049732,330.61034809874735
44157,602516,468,1967,0.17814340251215047,227.91831885898984
44158,436157,451,1888,0.215648093723148,251.7906219061548
44159,422474,458,1845,0.23086445447059237,259.07644778640844
44160,416638,564,2191,0.24631275923468193,236.31001965618597
44161,471879,511,2068,0.22201862763124397,241.5638455483331
44162,442840,511,1995,0.22014224100129662,263.39761592224323
44163,507660,535,1954,0.20168022511721836,249.05801888233802
44164,360306,542,1990,0.2553585716807349,297.1753047155898
44165,508750,524,1927,0.20225994614056672,285.00430996394005
44166,395470,543,1993,0.23533765038561916,257.93965375453377
44167,518214,520,1920,0.20234191830788115,235.99570479345627
44168,368714,483,1900,0.2488023740460442,304.36272811713013
44169,492917,506,1925,0.20875341834224195,305.75070349664793
44170,454227,487,1900,0.21149373734721072,287.11216267058893
44171,783149,474,1864,0.1458581166827985,285.35365353679765
44172,632680,482,1872,0.16280819622717865,228.14859926116787
44173,530386,479,1853,0.19097765650113674,244.69623619400804
44174,370801,460,1845,0.24756526446802773,275.07512825082944
44175,585897,483,1935,0.1935517207256768,279.63890079333095
44176,477306,478,1984,0.21237983560443935,323.0704432532603
44177,581984,460,1861,0.17975066352685745,232.91670598996726
44178,368958,466,1836,0.24375965827547458,341.2632088391113
44179,535394,467,1810,0.19811797618948393,310.65926929751856
44180,406162,471,1803,0.22835091337203098,319.11975379890094
44181,508396,485,1839,0.20234927506509592,307.0246813977512
44182,324777,476,1795,0.2678391773709643,314.72567876501296
44183,526929,490,1804,0.19902732569285947,250.92784466535332
44184,402746,507,1851,0.23047508797356248,258.4607938649016
44185,594198,488,1819,0.18112020993845102,237.24641895213566
44186,346621,471,1792,0.2523727908118738,274.4975856119864
44187,351579,481,1794,0.25107528279561214,271.83225609845016
44188,383379,454,1751,0.23230361781425474,265.4262429633517
44189,557463,450,1729,0.18790877087090888,237.40217194279901
44190,476604,515,1978,0.20810232816555116,319.52219949255954
44191,598629,491,1947,0.18465186318739707,236.5635250171578
44192,330365,495,1933,0.26252661953597045,269.5286689540987
44193,567331,519,1926,0.18661099276967014,232.85499957619473
44194,498744,509,1899,0.18947707875984807,240.84824433010797
44195,555353,511,1856,0.18222849349514303,237.22147310959215
44196,323351,519,1876,0.26356148105312405,281.35969397557204
44197,495864,478,1832,0.20343339847820627,238.91280249649645
44198,392085,464,1813,0.22849492375122546,261.68326552437077
44199,600803,502,1799,0.1781139092747692,230.37059974382433
44200,340826,485,1781,0.25292134225383034,276.5347274291439
44201,497034,493,1764,0.20254522821379212,238.92788638497848
44202,349333,491,1785,0.2482106355597827,283.3939990706349
44203,619025,488,1785,0.17541538125601946,232.81378447563154
44204,462325,483,1751,0.2075870523592795,261.6518575601133
44205,556642,490,1860,0.1951934438256576,276.47425022802724
44206,375066,483,1880,0.24295157601064052,309.878407988606
44207,610029,470,1782,0.17049228858629756,247.29233811024613
44208,463054,481,1789,0.19566708595109714,245.84667449466284
44209,586233,469,1737,0.18163405095244575,234.00255308279884
44210,351406,459,1720,0.2447965664530748,330.6607595141849
44211,535439,483,1750,0.19268048785391123,237.53305464408285
44212,488160,463,1702,0.18527560349682853,248.05075517297263
44213,632177,471,1706,0.16357559399344573,231.60262556123283
44214,438600,481,1739,0.2054289803055144,254.8087480072704
44215,553890,465,1699,0.18544760572137015,231.54468228610997
44216,375691,475,1710,0.2289750511431068,273.69913611793817
44217,553104,482,1752,0.18293819688704016,239.9403073737405
44218,362999,455,1694,0.2320668354320625,276.3029323380031
44219,524970,457,1657,0.18839674180238358,242.06905997650261
44220,409604,532,1885,0.22405283048996544,261.0535972514178
44221,588900,674,2099,0.18296303225846,246.98492170511528
44222,363638,503,1762,0.23317328461822381,307.1516121728134
44223,557344,531,1710,0.1801013581719827,276.90551090948924
44224,560693,548,1741,0.1640619740553426,243.91535438161512
44225,735965,503,1683,0.1437204923250438,247.733906526004
44226,434300,525,1706,0.2023217150379937,241.48207865561895
44227,560255,503,1687,0.17567586357464207,229.16171564682608
44228,460492,488,1699,0.18305686414965994,235.99074005604086
44229,555967,496,1675,0.16617105419928177,270.2233352756077
44230,323177,477,1669,0.23726651881167793,365.1954209634828
44231,384254,485,1662,0.2161776816975279,431.8418155161582
44232,355424,489,1688,0.22419550244781658,333.98467197622017
44233,551683,474,1640,0.17290398393824497,242.761916469645
44234,313292,462,1643,0.23853360695451953,289.309678758995
44235,546119,481,1714,0.17978197952829084,275.34842487059217
44236,397003,468,1738,0.2090499055674889,314.04666190430163
44237,506182,459,1683,0.18025187908696869,263.18447507742616
44238,484638,464,1625,0.1712469687705151,266.1192075075575
44239,422089,454,1587,0.18922793081319456,386.932891649038
44240,300239,472,1611,0.24275982874976185,395.2165349627254
44241,360841,487,1714,0.2531836308208128,414.36674059648595
44242,370205,467,1689,0.20064012120044653,348.9602827914477
44243,443101,476,1574,0.1821853151132761,251.78380944894514
44244,389891,501,1637,0.1948868770835955,259.74690908357377
44245,398511,480,1607,0.19800967429509092,269.0823814951836
44246,312795,469,1562,0.23312556991643,270.90535365790845
44247,496766,477,1565,0.1778189668314667,240.2955909429024
44248,370315,461,1543,0.21179742734159557,259.29986662292373
44249,571886,450,1522,0.1505056566955821,227.99729195114924
44250,593578,491,1737,0.15253496278165576,285.72759971024306
44251,534994,491,1725,0.1699259842390922,217.10845579507014
44252,354091,496,1697,0.20439705014812923,258.43966523790334
44253,382796,511,1667,0.2017005845933812,253.44738007516142
44254,340361,501,1656,0.2138571138938082,266.5260714144892
44255,357528,493,1614,0.20879607549337922,256.5860250540414
44256,342064,524,1674,0.21478312252678797,270.85288064755565
44257,361624,475,1610,0.2059388576505172,268.7936572387685
44258,311529,454,1564,0.22298088083291287,275.9118518154483
44259,335903,488,1566,0.21615113569392666,269.33379699069184
44260,337069,482,1570,0.2131464894784449,266.62779427753424
44261,373860,475,1522,0.19988791294334785,261.91413743717453
44262,360972,481,1546,0.1992354313741839,271.24187628957327
44263,362247,472,1533,0.20537805696391717,251.18213492940626
44264,312800,476,1541,0.22789480597827194,258.815679232436
44265,455940,480,1618,0.1920126502960953,277.5779944322115
44266,378419,465,1653,0.21287219172401076,287.52537115915607
44267,473878,461,1622,0.18220741252602177,229.7902874938225
44268,347277,466,1620,0.2063192872836543,252.92697336098027
44269,446876,450,1548,0.1799135513923471,235.24558018858752
44270,378446,447,1562,0.1850772592523022,285.5764329746201
44271,477977,470,1572,0.16821401541499567,227.40184809049282
44272,334043,459,1516,0.20969993532870235,250.11171296183372
44273,416893,469,1565,0.18541011290667034,238.812226055186
44274,291246,475,1561,0.22677889229726614,269.2986264145994
44275,453842,450,1520,0.16937803704815324,232.9835542366175
44276,367307,457,1523,0.19145099213464503,242.2837983452177
44277,443193,462,1523,0.17683968331405278,235.11569709093018
44278,274526,438,1510,0.23224562839949894,280.51629545772016
44279,446758,443,1472,0.17711637798988972,239.59032085789804
44280,366191,513,1668,0.23128082538348965,248.21665795487294
44281,484925,498,1654,0.1733492349249792,231.79714197006695
44282,345295,498,1590,0.19630457881524113,276.58070329106636
44283,464208,537,1580,0.16452406084773102,273.8043159589829
44284,358149,522,1551,0.18988421234737143,247.90922516445565
44285,441851,496,1511,0.17622946077073168,293.0561233040927
44286,324539,521,1530,0.2077218785169238,250.6094209720731
44287,386153,486,1469,0.19005034552885006,304.426904045432
44288,293164,450,1470,0.2216663991690639,428.76721661049663
44289,402731,485,1494,0.18684830633350386,299.87176463153037
44290,322365,456,1486,0.20840335970099408,404.1432420460096
44291,420871,461,1462,0.18052734421473607,268.8128551076581
44292,272709,473,1489,0.2312540090792607,259.53602792957963
44293,405769,464,1439,0.1850844842090114,267.98553553618774
44294,346374,462,1484,0.19610749000792588,298.13066334389543
44295,506933,501,1583,0.16965741152381272,292.30470809355097
44296,398202,466,1583,0.18919391083924433,348.1771043289004
44297,387468,458,1549,0.18685032533268353,365.49733736615485
44298,278619,454,1465,0.22031856256392415,450.5403400735881
44299,312907,456,1415,0.2072032678751482,400.0698592334681
44300,339987,468,1492,0.19071707759414575,321.3890183055227
44301,491264,491,1499,0.16146609234343778,280.3844241280869
44302,324656,463,1467,0.1917966614847606,325.4677781211412
44303,452950,485,1490,0.16064424915995051,220.77355489705377
44304,342184,488,1473,0.18071518694915267,234.6834394584081
44305,538270,463,1420,0.14765349621194385,222.11737829950073
44306,334442,460,1445,0.19086615698389559,233.79573115083218
44307,429026,460,1415,0.16830126570183634,225.49974832830188
44308,314281,445,1404,0.18420568646528612,238.88969229936473
44309,467179,448,1392,0.15234405975226178,214.32875479321834
44310,356482,499,1565,0.18845481227105262,381.7779423361597
44311,520196,484,1573,0.1587329752977721,203.7435289456436
44312,340323,485,1545,0.17897798074185117,243.63558388963412
44313,434590,520,1552,0.16020966686991653,233.0167477626887
44314,265803,491,1513,0.21060209329090548,266.2162433648169
44315,406941,486,1477,0.16972023983082912,231.6577379439407
44316,306603,503,1480,0.1969508075687653,249.7336652335442
44317,447319,454,1461,0.16468721708221384,228.0852602217233
44318,263212,455,1444,0.21388293472945213,273.5953151518524
44319,388723,483,1409,0.17193603193275642,253.2108279786868
44320,345380,468,1389,0.17256367204239514,257.3733197194517
44321,556526,469,1386,0.13739674170658492,229.1432321223465
44322,377004,484,1433,0.16270046022589038,238.61186931600784
44323,494179,486,1405,0.14672189272915265,215.45928380578667
44324,249990,467,1402,0.21484659224372554,252.64773210131395
44325,498874,477,1467,0.15765248710697066,270.02778410848885
44326,327426,468,1503,0.1921430981901438,289.76183763714783
44327,487759,452,1449,0.15368172216401965,221.48419353643516
44328,266682,468,1413,0.20543814651156905,264.7815302756474
44329,403457,448,1395,0.1661912876019061,228.23546127384532
44330,270829,449,1391,0.2047346545384822,315.5198060199089
44331,485880,468,1424,0.14867256074958626,219.7600494222062
44332,311340,456,1398,0.18763313384404343,247.13062516695837
44333,417822,455,1382,0.16350863344199695,228.9085615557842
44334,276587,469,1386,0.19683812206285295,257.6686090357195
44335,471266,449,1377,0.1544825073185914,217.74396544048864
44336,262428,456,1367,0.20328796610879737,259.3662846214974
44337,470635,458,1416,0.15173200338478457,218.14425277516577
44338,259077,437,1373,0.2026698092575132,264.19510050743133
44339,439840,440,1344,0.1562028236358659,223.24429957827314
44340,348308,506,1523,0.18832943121604745,236.13222521864586
44341,494407,478,1551,0.15964863528228668,233.51005219934217
44342,288464,483,1458,0.2007185651034405,285.69732564663536
44343,443624,508,1483,0.16233666033625382,269.9775507403824
44344,360994,518,1449,0.16645012543697604,229.68807821356958
44345,468447,497,1403,0.1578135312063208,275.0144715703789
44346,297596,528,1444,0.19766759070349912,233.7184397770545
44347,489247,501,1403,0.1521147178378253,207.89183515387296
44348,349105,476,1354,0.1666048627805681,261.8727078681198
44349,584317,484,1401,0.1301244392478706,317.2446453978461
44350,332028,455,1376,0.17248609027852496,346.8694553686487
44351,453540,461,1361,0.15618880487277445,217.10346930413095
44352,319805,467,1350,0.18383723069370653,232.2541479683164
44353,454064,471,1345,0.15506656558769427,223.19405517256874
44354,283658,446,1297,0.19105117360695234,260.1531990288555
44355,557630,481,1482,0.14061658427094975,276.49773887225956
44356,438749,467,1460,0.15370177579891411,329.7611374053443
44357,494989,439,1383,0.14688964566889898,302.33804010467395
44358,317012,456,1349,0.1777196166864317,391.0240770569488
44359,444174,447,1297,0.15319205456870566,329.9233485112203
44360,260194,462,1346,0.19930467701023516,292.629089864209
44361,458701,477,1331,0.15130165785119823,248.58785393265507
44362,360970,461,1315,0.16114004225561357,241.07972527463627
44363,497821,475,1305,0.14468454049748547,225.41352309088373
44364,276835,485,1311,0.19158746477505548,260.23464472239743
44365,428328,466,1272,0.157170236454306,227.98826908861665
44366,284821,457,1302,0.1895431906881898,229.4276194968888
44367,543939,467,1291,0.1331927487714598,204.28142042006374
44368,350150,440,1267,0.1564857870169935,220.55954310879355
44369,435289,443,1273,0.15271423841633508,210.2959571209326
44370,299871,488,1413,0.19183277812794028,360.3489198159683
44371,517369,463,1429,0.1494624007526665,203.01746575378755
44372,318513,492,1449,0.17474959026475687,229.03673900917096
44373,320829,513,1416,0.17399954850402724,232.92134143178885
44374,280461,494,1367,0.18091449152644878,246.73768998414826
44375,309609,488,1353,0.17394912189568315,236.82753911509053
44376,332919,504,1344,0.159711943770131,237.41990027887897
44377,460606,474,1305,0.13151345521769456,217.9541818236556
44378,277235,447,1320,0.18505465970027715,260.4607333540416
44379,421787,478,1269,0.15192976563051105,232.84153737887513
44380,240457,468,1272,0.20230373277551641,260.4405520114413
44381,304214,476,1290,0.1777796235183049,244.76886439203716
44382,242364,481,1284,0.1997238787031065,250.04529870141639
44383,477717,476,1250,0.14674861498545194,206.65325099329849
44384,305038,452,1260,0.16843422405404976,233.55761366208935
44385,402313,476,1391,0.15468768696017196,272.46699147259295
44386,350790,454,1377,0.16886167224265566,270.38320665358276
44387,275030,458,1360,0.1907036363305781,249.94255922052903
44388,269330,456,1288,0.19004756045000026,246.03210833774875
44389,280062,448,1262,0.18531519187538814,252.97596274073615
44390,256487,439,1305,0.19428249802134953,325.30483786420933
44391,310369,463,1303,0.1770588730607956,229.96705609430936
44392,272385,460,1302,0.18464123223745882,243.52125150028422
44393,342205,459,1302,0.16524050553907052,240.1864637153979
44394,270093,464,1269,0.1869386668258731,250.1319246664674
44395,414803,446,1236,0.14747801175739159,233.7825333884756
44396,274287,452,1254,0.18152215668988383,246.09902790188067
44397,353226,454,1238,0.16654998498977305,230.6792513612884
44398,256730,425,1218,0.19354943026915108,252.81667658710347
44399,370594,438,1217,0.15903633474368475,226.472078088535
44400,378508,516,1426,0.15814197504149868,217.97612505705922
44401,465061,489,1410,0.14349710228765472,244.88412269416207
44402,343573,478,1311,0.15404441666547156,266.1564741662508
44403,379135,516,1352,0.1593000497105216,300.4775581805351
44404,258780,522,1340,0.1904818919622838,263.7720121177375
44405,360267,492,1294,0.15983141945833873,297.86770654550463
44406,239760,508,1286,0.20480067277277014,277.3685183063669
44407,363388,482,1247,0.16548930483120028,239.3724960571996
44408,336995,467,1270,0.15625795397558234,381.6365244768877
44409,438324,474,1247,0.13887355788184996,261.24154526552326
44410,250495,457,1262,0.19645211299230636,340.18827763628866
44411,444089,460,1252,0.14312797258206936,289.34780326850546
44412,332973,461,1259,0.15749230571248374,231.49854061834765
44413,503307,454,1228,0.1288077689004909,221.99946046770387
44414,351077,447,1253,0.15035610973660254,234.18384152955332
44415,398943,470,1325,0.1638058494221059,279.3210826223954
44416,351738,453,1344,0.16669283396732498,332.7495625868466
44417,420677,451,1304,0.14649931397724783,302.53960044969534
44418,264659,455,1205,0.19210516144171122,346.11400250738126
44419,379988,442,1210,0.15896482934461945,330.4894605359738
44420,231070,455,1197,0.20978478782619012,382.5721431057379
44421,381507,473,1230,0.1549758498507184,297.1765657918458
44422,277777,454,1174,0.1806921591456448,295.8299059867725
44423,366205,467,1197,0.16404500320858043,265.1752001420044
44424,291023,477,1228,0.1797646643220678,255.41761508845175
44425,347906,460,1212,0.17149011221421406,252.32469853090538
44426,247345,454,1211,0.20484069835250815,248.58455860195463
44427,394700,458,1183,0.16128229163414742,228.62205232538255
44428,286594,437,1157,0.17892540818719424,250.76606350369138
44429,440617,442,1205,0.1491684794595018,220.5952787407566
44430,337199,485,1520,0.17930553471095778,354.6060317319756
44431,444835,478,1557,0.15966962811830956,229.5794853612974
44432,333983,464,1306,0.16408712638965822,231.61359793445303
44433,467382,505,1272,0.1455589204569214,227.47476350952726
44434,261431,490,1281,0.20203178085231768,281.8329289005513
44435,408666,491,1277,0.16308099266638604,242.3913874673574
44436,305398,508,1283,0.17829229449769018,251.00670918529534
44437,420459,461,1256,0.15697400704943318,219.81042088632637
44438,267027,435,1226,0.19777438604710726,250.3126935789224
44439,376186,471,1194,0.16746609397743897,230.62284586361773
44440,282302,466,1232,0.19093632675644354,241.49167652209422
44441,472363,471,1213,0.14333151700706248,215.30220894436357
44442,333940,475,1218,0.16693624249266106,231.03675825530033
44443,460897,472,1202,0.14833845615616006,218.02384670806848
44444,244472,475,1223,0.21469532617640233,259.54928084854913
44445,491432,471,1310,0.1549036988555861,267.01849121718556
44446,342762,454,1305,0.18380950323840634,280.80082470511013
44447,393452,458,1308,0.16874522223549535,220.640183159013
44448,315326,459,1242,0.17779417135284273,237.10553148998846
44449,524733,453,1274,0.1437028990496031,212.197522309549
44450,295379,445,1244,0.19773181889368943,299.36754738073523
44451,439203,451,1215,0.1635343711723194,227.43397737670662
44452,260633,451,1229,0.21594347117593318,254.17503515257576
44453,413877,449,1222,0.16903509558636393,230.2039318660852
44454,293754,472,1245,0.19747469844836055,265.0863400583314
44455,467157,457,1233,0.1584208865627548,223.95072164039544
44456,321057,449,1220,0.19585330478701557,245.06622498653147
44457,443833,451,1213,0.16706145846974055,225.0582737236675
44458,322919,430,1208,0.18813467243489373,241.55233272477386
44459,434550,440,1212,0.1649794723000722,224.31916151079082
44460,627972,502,1394,0.20599367370371205,199.06537577116032
44461,704116,486,1417,0.17608598812697748,235.2520105211224
44462,405907,486,1331,0.2634783316400104,277.6164743266083
44463,617813,514,1317,0.1971138620213711,267.4040081189591
44464,442643,516,1342,0.22767404857867846,235.398367990134
44465,601023,482,1301,0.1959905772191807,276.2924725898056
44466,481437,511,1320,0.22093930463592376,247.27923737419192
44467,630304,485,1307,0.19161044922769666,225.93972188498913
44468,432830,462,1284,0.24108807723819953,340.0287974447988
44469,569788,487,1271,0.20725626418598092,305.090763985459
44470,471322,458,1295,0.2267954682001066,287.0907292518651
44471,706703,455,1258,0.17627986757098665,261.4401870198259
44472,419515,466,1263,0.2526306272910538,265.38000871948617
44473,611504,460,1249,0.20088351321171602,236.99881456396295
44474,392390,452,1273,0.26654117882212586,278.5651210352819
44475,642960,464,1332,0.19943238593381132,273.1349532018534
44476,472716,457,1345,0.24206528927090581,356.30109345429355
44477,622661,440,1350,0.20166829772060807,297.41877032440567
44478,407942,452,1260,0.263981176895291,405.6761450770551
44479,651846,451,1231,0.19240450578052415,258.4445586427871
44480,492414,455,1212,0.22965821732927016,307.04264959540615
44481,670811,469,1258,0.1894054309842946,270.70921456554146
44482,516462,449,1217,0.22283860890446136,242.71830749964175
44483,572783,465,1234,0.2194694099895083,235.10347150970014
44484,509059,482,1253,0.22667949193516398,250.47301691491163
44485,702833,464,1242,0.18560063544542654,238.5881596520711
44486,463891,453,1192,0.24781583945582494,267.78540326901987
44487,599798,465,1237,0.21001280103468709,242.57974641724726
44488,419267,440,1197,0.2646879858872796,275.87423806122246
44489,622596,441,1210,0.20652683640594982,239.9267274162438
44490,533056,478,1351,0.2375900422563796,303.6204768105293
44491,725719,477,1350,0.19278522226787337,208.4412526175761
44492,568292,492,1382,0.22498105433998242,240.464751781173
44493,682930,515,1349,0.21057734379509196,230.91733284831705
44494,510538,487,1301,0.25655011627138785,250.95171631413254
44495,617683,474,1284,0.21207444634543135,229.85447140926604
44496,365526,505,1307,0.2170684625088351,258.1267566247457
44497,465230,460,1243,0.19280396801366687,236.816152752051
44498,366810,450,1241,0.20686144207082266,253.52867979945114
44499,523714,487,1250,0.17242322904866964,235.16017860297208
44500,297909,461,1233,0.2484617795165754,271.3640144793194
44501,470422,468,1227,0.19415064856234637,259.5584220151562
44502,296373,476,1196,0.25210063745344763,301.08961915471286
44503,519927,480,1250,0.1789345225675944,249.20671340799362
44504,364773,473,1222,0.2187785968835046,271.5914623648219
44505,472614,477,1309,0.19335223126271375,287.6666424267242
44506,390959,459,1344,0.21397316864171942,310.07296514262663
44507,379209,458,1314,0.20418429489805792,254.2855443689611
44508,322159,458,1243,0.2128312583786088,261.6304474213991
44509,471359,451,1271,0.17959315924380936,235.4555864977531
44510,312421,449,1274,0.22397169403784142,315.3293992814291
44511,354116,469,1284,0.2075646630539327,249.81968798268167
44512,352912,459,1253,0.19711474726559264,250.16127671409663
44513,358514,461,1243,0.2034865774558395,243.64409904959615
44514,306429,467,1263,0.22590228060007025,264.01354115808516
44515,369198,451,1228,0.19995935126136083,252.90006320369164
44516,360757,454,1248,0.19989155192553773,252.37581019494093
44517,355665,458,1243,0.2077147734019088,254.25959784034947
44518,282613,437,1203,0.24107082686572295,280.6825571201287
44519,327799,455,1208,0.21903419545817532,287.13427928699053
44520,481321,531,1466,0.19290017349545435,223.42645291813838
44521,511393,498,1437,0.17195586766929571,250.59572887577968
44522,312993,501,1317,0.225487471620755,276.10653450170787
44523,357561,547,1372,0.21017089698821936,305.0266526557112
44524,301424,516,1331,0.2521383055762136,294.642427282812
44525,350297,505,1289,0.21037712410608958,354.2262585297273
44526,297422,510,1319,0.22979214105883922,274.0284402344585
44527,415350,481,1294,0.18583461350908342,242.55728486620998
44528,349999,457,1274,0.2002107019905533,262.36990357161307
44529,470354,484,1298,0.16731393440685183,259.7857692551974
44530,361992,468,1308,0.1951003933760678,301.2276764359475
44531,383593,459,1284,0.19948612627965287,332.2385905115635
44532,294543,474,1316,0.23421798087548631,475.50078197668137
44533,388697,460,1280,0.19863471261418036,335.6477113239261
44534,324579,460,1288,0.21648458021311814,248.41623428152658
44535,434875,487,1361,0.19359996507962016,319.4432668051382
44536,345411,467,1378,0.22255087218992517,314.8187717822436
44537,393578,457,1321,0.20039588160922153,238.93694964764614
44538,317790,457,1325,0.22156044044493986,281.2591913337526
44539,469730,447,1253,0.17245897469396038,295.9847570390643
44540,313170,467,1262,0.2280321252514398,355.1995649462977
44541,455282,488,1302,0.18093878055799476,350.40489848976995
44542,380464,466,1256,0.194981982384651,391.9647016265938
44543,513916,482,1264,0.16404080748603755,316.66967246288516
44544,297401,494,1297,0.23585436799137013,396.39881541086044
44545,389316,464,1288,0.2043506412220066,266.5421930851307
44546,342958,463,1308,0.2192344870362925,249.27738377126457
44547,393922,466,1278,0.2026561809952254,243.73073114482622
44548,294508,453,1287,0.23213054935007152,245.45255992026094
44549,411691,447,1268,0.18049355985678103,241.75506101421746
44550,393286,509,1449,0.18662266831519808,339.89086008878127
44551,522257,489,1439,0.16121481016051473,224.32354702657943
44552,351287,485,1412,0.1727694774642821,292.7792518900534
44553,420018,508,1335,0.16072254390764668,223.262401801167
44554,309596,487,1284,0.18989796366554065,238.4314731206307
44555,412388,487,1272,0.1676182090410362,222.43038295138714
44556,282428,511,1309,0.20645861502400392,259.62377984756
44557,384302,470,1264,0.17523855657790038,223.61426593670373
44558,275008,445,1224,0.20569790831904883,257.26903318912565
44559,458173,488,1287,0.1525311612665932,228.98408318204005
44560,311736,470,1255,0.18866686156559145,250.23077840797316
44561,413720,468,1239,0.16850432798513693,234.69129016716533
44562,344857,489,1299,0.17749911200004706,240.47447701818018
44563,411816,485,1261,0.16708105231950035,229.63961920696357
44564,283973,479,1277,0.20638191543561035,251.71776834267888
44565,541538,491,1343,0.15432174692635028,282.1024165594481
44566,423741,481,1393,0.16757313843129976,354.1695110700816
44567,569451,460,1370,0.1369297469053756,295.919521282515
44568,342882,462,1339,0.1869077368074097,259.76736449905246
44569,417253,459,1287,0.177244904810756,258.42799399832097
44570,300633,461,1310,0.2081387253328895,315.4551357100113
44571,439317,468,1305,0.1746979765522413,245.3852595288997
44572,299563,470,1305,0.21567653287625824,280.22293053088964
44573,442277,472,1300,0.17424100301850134,238.4018696315879
44574,305750,473,1345,0.21391523051512706,264.4157194616029
44575,440915,450,1309,0.17897263477540473,245.49665024392752
44576,309811,460,1335,0.21487652822208922,264.7800795597708
44577,492656,467,1363,0.17094773533260285,241.43381176920013
44578,302422,441,1306,0.22028503070216382,282.24528843422746
44579,477897,454,1311,0.17101861448389552,233.24462027038362
44580,419169,577,1623,0.209026769520226,229.4027803848275
44581,534233,489,1524,0.1767441075242495,207.8371654763944
44582,324600,506,1521,0.2201755055761217,294.84728914052835
44583,425301,525,1442,0.1902664226818533,282.4324678464241
44584,343251,532,1480,0.23599431000932267,250.75656565354484
44585,464532,507,1447,0.18726644683683555,288.6864247117785
44586,396520,516,1455,0.18918306282662417,336.83606052776264
44587,564864,506,1404,0.16039104292893452,251.0451669738196
44588,329959,491,1394,0.22565960648749187,244.40191459608374
44589,483715,496,1416,0.17906978250625294,216.03798726278552
44590,396975,475,1396,0.19371368520691698,235.5757793187566
44591,589699,468,1366,0.161558356622627,227.0570327581106
44592,423199,495,1445,0.18781138428969044,315.85257769164934
44593,578345,469,1415,0.16061605614124264,291.2714767065937
44594,331824,456,1386,0.229130286103504,277.9152612346931
44595,597813,484,1454,0.17241024913311187,249.41981787348362
44596,478062,458,1487,0.18973451440194736,305.2431154143137
44597,587133,453,1423,0.16309639035619045,305.4754997060163
44598,439749,459,1406,0.18946542191113638,336.50012821041446
44599,519277,459,1360,0.18344574367824806,341.03868052074824
44600,401426,482,1397,0.20482828425911806,281.8392502944262
44601,611296,479,1392,0.163288069265954,232.5462003056439
44602,468988,476,1391,0.18754703653612845,312.1567336262618
44603,612976,486,1396,0.1653713958377002,282.215931846013
44604,389275,495,1417,0.22218203846126822,362.21961466185707
44605,529323,489,1411,0.1847280567460966,303.3431266334429
44606,350951,475,1417,0.23400505869770077,318.8318579172021
44607,544304,472,1395,0.18510838423935166,259.2113655303335
44608,432304,462,1385,0.20209262338081552,365.6708703838992
44609,615316,456,1375,0.16850323537340828,322.10846187486766
44610,493784,527,1590,0.20979053723497645,279.3270851234056
44611,625493,494,1565,0.18380078199761135,277.5229273593969
44612,390594,512,1578,0.2373678785389217,359.60617975445547
44613,553478,535,1553,0.19296413379398245,308.71163577729453
44614,453904,496,1514,0.21374786908252952,342.96813999567274
44615,651196,491,1459,0.17450499738178885,288.1729588244939
44616,458793,529,1530,0.20885094114782102,283.4894002985863
44617,635832,489,1456,0.17706619463632373,256.2581903559335
44618,434387,461,1437,0.22022870790339522,287.68078437856764
44619,564524,502,1456,0.19300006793338798,237.81834797344177
44620,374846,485,1444,0.25460808834303145,277.0406195553768
44621,562622,485,1431,0.1996535878334443,246.87963516855316
44622,381690,498,1480,0.2538093419608195,277.68652908959905
44623,586000,490,1434,0.19244311747446366,238.17161528383537
44624,440524,492,1459,0.22943704753212119,257.7607984070755
44625,629331,505,1557,0.1945285753173394,249.3221177333235
44626,548451,478,1597,0.19984632221845308,272.5337172832616
44627,638090,472,1538,0.17973533619556933,289.65607534183187
44628,429202,486,1545,0.23157589051782995,319.6261170237044
44629,636083,475,1539,0.18383181282165142,258.2662283411837
44630,490033,493,1551,0.21512164176298385,269.02277861846665
44631,583437,489,1530,0.20249320108947302,237.021044871847
44632,426448,474,1498,0.24125093918844964,304.1115221865279
44633,633465,492,1514,0.18889734089497998,235.08768965847085
44634,518433,499,1548,0.21346989285410573,278.48181620970416
44635,585475,489,1522,0.20663245839709005,252.59078316573573
44636,429006,480,1533,0.2529431877783206,304.41867798947004
44637,649152,483,1519,0.1897373099567134,248.72418972260394
44638,489931,460,1491,0.2249912496882728,250.25729697020356
44639,338005,434,1429,0.294063983136421,264.79590996726085
,11,1,8,0.03295227272727273,171.77486
